                  epoch,         train/box_loss,         train/cls_loss,         train/dfl_loss,   metrics/precision(B),      metrics/recall(B),       metrics/mAP50(B),    metrics/mAP50-95(B),           val/box_loss,           val/cls_loss,           val/dfl_loss,                 lr/pg0,                 lr/pg1,                 lr/pg2
                      1,                 3.3305,                 3.3391,                0.96084,                0.00624,                0.03733,                0.00309,                0.00073,                 4.0062,                 60.025,                 0.9515,               0.010789,              0.0099123,              0.0099123
                      2,                 2.6718,                 1.5037,                0.86271,                0.04485,                0.02357,                0.01495,                0.00285,                  3.749,                 5.8601,                0.92082,                0.00802,                0.00802,                0.00802
                      3,                 2.4727,                 1.2864,                0.84435,                0.36167,                0.22022,                0.21379,                0.05686,                 2.8653,                  1.598,                0.83879,                0.00802,                0.00802,                0.00802
                      4,                   2.31,                 1.1552,                0.83184,                0.33388,                0.20443,                0.20477,                0.06829,                 2.6775,                 1.4202,                0.81606,                0.00604,                0.00604,                0.00604
                      5,                 2.1562,                 1.0614,                0.82143,                0.40105,                0.27605,                0.29793,                0.11565,                 2.2668,                 1.0231,                0.80205,                0.00406,                0.00406,                0.00406
