                  epoch,         train/box_loss,         train/cls_loss,         train/dfl_loss,   metrics/precision(B),      metrics/recall(B),       metrics/mAP50(B),    metrics/mAP50-95(B),           val/box_loss,           val/cls_loss,           val/dfl_loss,                 lr/pg0,                 lr/pg1,                 lr/pg2
                      1,                 3.9409,                  42.47,                0.96603,                      0,                      0,                      0,                      0,                 4.7451,                   6.67,                 1.0767,               0.010789,              0.0099123,              0.0099123
                      2,                 4.3458,                 3.8447,                 1.0639,                      0,                      0,                      0,                      0,                 5.3581,                 25.823,                 2.1724,                0.00802,                0.00802,                0.00802
                      3,                 4.0811,                 3.5745,                 1.0297,                0.00539,                0.06904,                0.00534,                 0.0011,                 4.2249,                 3.3445,                 1.0226,                0.00802,                0.00802,                0.00802
                      4,                 3.7043,                 3.0401,                 0.9762,                0.02366,                0.09623,                0.02113,                0.00624,                 3.7923,                 3.8995,                 0.9573,                0.00604,                0.00604,                0.00604
                      5,                 3.3969,                 2.5598,                0.93751,                0.17752,                  0.044,                0.03483,                0.01281,                 3.5672,                 2.4898,                0.92537,                0.00406,                0.00406,                0.00406
