,bb_left,bb_top,bb_width,bb_height
count,51964.0,51964.0,51964.0,51964.0
mean,1724.53441113466,1010.9077203462004,14.99236427397558,14.103706849497204
std,776.319302468467,571.6872281758003,2.8062559125774156,2.6999827023266456
min,274.0,-3.0,8.0,3.0
max,3482.0,2157.0,24.0,24.0
