,bb_left,bb_top,bb_width,bb_height
count,46742.0,46742.0,46742.0,46742.0
mean,3584.9541664477824,586.1705555215829,13.773618964080432,12.455643790184762
std,760.3481108129848,118.18410206606825,10.1858783582939,7.247083416664745
min,0.0,136.0,4.0,3.0
max,5334.0,992.0,93.0,56.0
