                  epoch,         train/box_loss,         train/cls_loss,         train/dfl_loss,   metrics/precision(B),      metrics/recall(B),       metrics/mAP50(B),    metrics/mAP50-95(B),           val/box_loss,           val/cls_loss,           val/dfl_loss,                 lr/pg0,                 lr/pg1,                 lr/pg2
                      1,                 2.6049,                 2.0944,                 1.6252,                0.13323,                0.19246,                0.04444,                0.01112,                 2.9507,                 5.7754,                 1.8933,               0.010346,              0.0099615,              0.0099615
                      2,                 2.1392,                 1.3345,                 1.3531,                0.63327,                0.54405,                0.55387,                 0.2071,                 2.1008,                 1.3265,                 1.4265,                0.00802,                0.00802,                0.00802
                      3,                 2.0774,                 1.2435,                 1.3273,                0.69504,                0.61718,                0.61002,                0.22565,                 2.0772,                 1.2477,                 1.3921,                0.00802,                0.00802,                0.00802
                      4,                 2.0137,                 1.1609,                 1.2898,                0.63802,                0.61008,                0.61745,                0.24798,                 2.0164,                 1.2167,                 1.3701,                0.00604,                0.00604,                0.00604
                      5,                 1.9663,                 1.1236,                  1.275,                0.76001,                0.64839,                 0.6478,                0.24279,                 2.0463,                 1.2328,                 1.3655,                0.00406,                0.00406,                0.00406
