                  epoch,         train/box_loss,         train/cls_loss,         train/dfl_loss,   metrics/precision(B),      metrics/recall(B),       metrics/mAP50(B),    metrics/mAP50-95(B),           val/box_loss,           val/cls_loss,           val/dfl_loss,                 lr/pg0,                 lr/pg1,                 lr/pg2
                      1,                  2.182,                 1.7199,                 1.4159,                0.14814,                0.13613,                0.06587,                0.01819,                 3.3432,                 3940.4,                  14.66,               0.010692,              0.0099231,              0.0099231
                      2,                  2.105,                 1.3019,                 1.4125,                0.62582,                  0.219,                0.16987,                 0.0523,                 3.0314,                  2.406,                 2.9478,                0.00802,                0.00802,                0.00802
                      3,                 2.0523,                 1.2307,                 1.3777,                0.39349,                0.30854,                0.33811,                0.10764,                 2.4012,                 2.1683,                 1.5739,                0.00802,                0.00802,                0.00802
                      4,                  1.996,                  1.203,                 1.3507,                0.68333,                0.49749,                0.53478,                 0.2062,                 2.0529,                 1.3395,                 1.3746,                0.00604,                0.00604,                0.00604
                      5,                 1.9309,                 1.1586,                 1.3049,                0.72105,                0.47882,                0.38328,                 0.1486,                 2.0159,                 1.4375,                 1.3495,                0.00406,                0.00406,                0.00406
